{
  "train_loss": [
    1.3857662144303322
  ],
  "val_loss": [
    1.386349220275879
  ],
  "train_acc": [
    0.26125
  ],
  "val_acc": [
    0.25
  ],
  "train_f1": [
    0.22471080959201184
  ],
  "val_f1": [
    0.1
  ]
}